stateid,weekid,dose1,dose2
AN,1,691.0,0.0
AN,2,1062.0,0.0
AN,3,661.0,0.0
AN,4,243.0,0.0
AN,5,1631.0,906.0
AN,6,1151.0,810.0
AN,7,2178.0,244.0
AN,8,3006.0,476.0
AN,9,1461.0,864.0
AN,10,1330.0,1384.0
AN,11,2336.0,129.0
AN,12,10183.0,262.0
AN,13,34984.0,950.0
AN,14,18053.0,2606.0
AN,15,6850.0,1564.0
AN,16,3476.0,1690.0
AN,17,2380.0,1340.0
AN,18,3428.0,26.0
AN,19,4551.0,10.0
AN,20,3644.0,56.0
AN,21,3667.0,129.0
AN,22,4300.0,153.0
AN,23,18409.0,744.0
AN,24,13942.0,6963.0
AN,25,6333.0,29339.0
AN,26,11931.0,19580.0
AN,27,10409.0,8626.0
AN,28,13653.0,4787.0
AN,29,7137.0,2614.0
AN,30,17525.0,2925.0
AP,1,66164.0,0.0
AP,2,63191.0,0.0
AP,3,112367.0,0.0
AP,4,67569.0,6233.0
AP,5,100311.0,81237.0
AP,6,122137.0,50342.0
AP,7,117103.0,45307.0
AP,8,195605.0,54193.0
AP,9,445838.0,61917.0
AP,10,667934.0,73728.0
AP,11,604379.0,47066.0
AP,12,714537.0,101863.0
AP,13,728589.0,76034.0
AP,14,533378.0,528629.0
AP,15,631642.0,392788.0
AP,16,261632.0,454871.0
AP,17,48122.0,193005.0
AP,18,79646.0,180783.0
AP,19,1710375.0,133539.0
AP,20,956613.0,90939.0
AP,21,1025779.0,47528.0
AP,22,593828.0,32276.0
AP,23,2069992.0,254321.0
AP,24,1251921.0,361815.0
AP,25,299752.0,204683.0
AP,26,1035127.0,644884.0
AP,27,402582.0,537279.0
AP,28,1186472.0,917332.0
AP,29,1380322.0,567504.0
AP,30,1039018.0,345116.0
AR,1,13804.0,0.0
AR,2,406048.0,0.0
AR,3,271528.0,0.0
AR,4,765201.0,1122.0
AR,5,20690999.0,357743.0
AR,6,2955590.0,125619.0
AR,7,4760871.0,137555.0
AR,8,3948466.0,551355.0
AR,9,5889789.0,664283.0
AR,10,6080759.0,18730237.0
AR,11,13669030.0,2254.0
AR,12,31560488.0,4996427.0
AR,13,36738520.0,7806483.0
AR,14,54353285.0,7638943.0
AR,15,65380709.0,8558244.0
AR,16,2589994195.0,18042477.0
AR,17,136309650.0,9337054.0
AR,18,326723129.0,330158.0
AR,19,83908453.0,60192.0
AR,20,1867321056.0,160314.0
AR,21,385133337.0,170412.0
AR,22,836258819.0,400553.0
AR,23,682164802.0,1421575.0
AR,24,486559217.0,10587064.0
AR,25,417051582.0,30999106.0
AR,26,531432037.0,46200171.0
AR,27,356422407.0,52607427.0
AR,28,219415547.0,28592537.0
AR,29,162215336.0,11617688.0
AR,30,173411220.0,26963658.0
AS,1,3660.0,0.0
AS,2,26512.0,0.0
AS,3,47925.0,0.0
AS,4,43552.0,2006.0
AS,5,31279.0,8584.0
AS,6,42047.0,17168.0
AS,7,148225.0,24810.0
AS,8,126257.0,31299.0
AS,9,87796.0,24516.0
AS,10,332813.0,33017.0
AS,11,140106.0,32003.0
AS,12,205557.0,76554.0
AS,13,59332.0,40762.0
AS,14,297490.0,122152.0
AS,15,427578.0,140664.0
AS,16,325788.0,103004.0
AS,17,285358.0,74338.0
AS,18,306857.0,46646.0
AS,19,308167.0,49656.0
AS,20,220749.0,20593.0
AS,21,374072.0,69556.0
AS,22,427672.0,138079.0
AS,23,1389486.0,127319.0
AS,24,643862.0,111854.0
AS,25,263231.0,50524.0
AS,26,671272.0,181569.0
AS,27,720674.0,184910.0
AS,28,751281.0,217665.0
AS,29,1480218.0,220949.0
AS,30,1240836.0,292703.0
BR,1,35442.0,0.0
BR,2,67342.0,0.0
BR,3,224576.0,0.0
BR,4,121379.0,55.0
BR,5,67654.0,38347.0
BR,6,39961.0,39826.0
BR,7,84363.0,106740.0
BR,8,429095.0,107410.0
BR,9,379926.0,75699.0
BR,10,637591.0,40374.0
BR,11,672940.0,25897.0
BR,12,1190747.0,104666.0
BR,13,941202.0,145577.0
BR,14,585058.0,199000.0
BR,15,448482.0,237224.0
BR,16,375673.0,359313.0
BR,17,875670.0,211098.0
BR,18,612349.0,40111.0
BR,19,638997.0,43592.0
BR,20,652055.0,65897.0
BR,21,948946.0,67327.0
BR,22,1439227.0,131631.0
BR,23,2036374.0,137168.0
BR,24,1215113.0,220262.0
BR,25,1158201.0,278383.0
BR,26,1671900.0,436012.0
BR,27,1098865.0,293284.0
BR,28,1899663.0,487583.0
BR,29,2393761.0,508959.0
BR,30,2221859.0,459602.0
CH,1,670.0,0.0
CH,2,1416.0,0.0
CH,3,1652.0,0.0
CH,4,2851.0,117.0
CH,5,3670.0,629.0
CH,6,6548.0,894.0
CH,7,10599.0,1513.0
CH,8,10773.0,2549.0
CH,9,9532.0,3134.0
CH,10,7357.0,2411.0
CH,11,19340.0,2062.0
CH,12,22216.0,4955.0
CH,13,20990.0,7256.0
CH,14,20260.0,11207.0
CH,15,25605.0,12890.0
CH,16,23846.0,13379.0
CH,17,23717.0,10676.0
CH,18,26558.0,950.0
CH,19,27027.0,232.0
CH,20,38028.0,244.0
CH,21,22874.0,633.0
CH,22,47250.0,1427.0
CH,23,44405.0,4400.0
CH,24,39330.0,13394.0
CH,25,33578.0,20091.0
CH,26,48697.0,22202.0
CH,27,38004.0,30968.0
CH,28,45069.0,26949.0
CH,29,64627.0,23069.0
CH,30,46970.0,26120.0
CT,1,11145.0,0.0
CT,2,45261.0,0.0
CT,3,96069.0,0.0
CT,4,94792.0,862.0
CT,5,92923.0,20043.0
CT,6,35488.0,30850.0
CT,7,135465.0,68637.0
CT,8,188558.0,71254.0
CT,9,380761.0,77093.0
CT,10,347956.0,38205.0
CT,11,877543.0,31449.0
CT,12,1414409.0,68006.0
CT,13,655297.0,87068.0
CT,14,344583.0,109453.0
CT,15,154731.0,141441.0
CT,16,82336.0,139938.0
CT,17,100446.0,195163.0
CT,18,34036.0,11323.0
CT,19,34329.0,11337.0
CT,20,24237.0,28557.0
CT,21,17046.0,26417.0
CT,22,21184.0,28498.0
CT,23,1022250.0,204703.0
CT,24,955539.0,265779.0
CT,25,324582.0,183110.0
CT,26,397105.0,148307.0
CT,27,373348.0,167120.0
CT,28,370345.0,166038.0
CT,29,490240.0,242165.0
CT,30,260467.0,213065.0
DL,1,11420.0,0.0
DL,2,32446.0,0.0
DL,3,52734.0,0.0
DL,4,80682.0,1967.0
DL,5,112963.0,16306.0
DL,6,76562.0,20459.0
DL,7,59191.0,29532.0
DL,8,71391.0,52494.0
DL,9,80893.0,70747.0
DL,10,99515.0,51811.0
DL,11,532730.0,45269.0
DL,12,493931.0,75593.0
DL,13,415749.0,94245.0
DL,14,274836.0,114710.0
DL,15,216007.0,145011.0
DL,16,432516.0,150147.0
DL,17,420102.0,185393.0
DL,18,472965.0,104987.0
DL,19,211070.0,52037.0
DL,20,222480.0,81145.0
DL,21,267860.0,155638.0
DL,22,304796.0,137733.0
DL,23,685715.0,121819.0
DL,24,837050.0,206630.0
DL,25,347699.0,169735.0
DL,26,320221.0,135129.0
DL,27,155109.0,172376.0
DL,28,94614.0,280822.0
DL,29,361519.0,270569.0
DL,30,506741.0,329534.0
DN,1,257.0,0.0
DN,2,572.0,0.0
DN,3,1403.0,0.0
DN,4,1805.0,71.0
DN,5,2316.0,394.0
DN,6,928.0,209.0
DN,7,3942.0,1210.0
DN,8,3086.0,1358.0
DN,9,4011.0,1348.0
DN,10,3713.0,680.0
DN,11,12368.0,1248.0
DN,12,24706.0,2260.0
DN,13,12834.0,2401.0
DN,14,4752.0,2206.0
DN,15,3037.0,3182.0
DN,16,2813.0,4205.0
DN,17,9081.0,5099.0
DN,18,28723.0,38.0
DN,19,40317.0,49.0
DN,20,36291.0,104.0
DN,21,43328.0,283.0
DN,22,41145.0,579.0
DN,23,60008.0,4986.0
DN,24,77257.0,15723.0
DN,25,47581.0,12135.0
DN,26,44556.0,6787.0
DN,27,19373.0,4797.0
DN,28,24891.0,3418.0
DN,29,25170.0,4142.0
DN,30,18093.0,11509.0
GA,1,921.0,0.0
GA,2,2493.0,0.0
GA,3,3996.0,0.0
GA,4,5817.0,309.0
GA,5,2845.0,964.0
GA,6,3748.0,1477.0
GA,7,17024.0,4156.0
GA,8,18901.0,4802.0
GA,9,20455.0,2625.0
GA,10,15441.0,2831.0
GA,11,19828.0,4451.0
GA,12,28866.0,9070.0
GA,13,51493.0,14593.0
GA,14,45666.0,16298.0
GA,15,44461.0,11688.0
GA,16,27329.0,9744.0
GA,17,32909.0,11207.0
GA,18,47020.0,453.0
GA,19,37256.0,293.0
GA,20,41010.0,1289.0
GA,21,56267.0,1598.0
GA,22,122640.0,3077.0
GA,23,101915.0,6866.0
GA,24,104524.0,20017.0
GA,25,64429.0,38377.0
GA,26,58469.0,42474.0
GA,27,37450.0,36859.0
GA,28,41482.0,26878.0
GA,29,32680.0,22663.0
GA,30,25430.0,34850.0
GJ,1,43987402.0,0.0
GJ,2,1031004070.0,0.0
GJ,3,3827563031.0,0.0
GJ,4,6439995074.0,2.0
GJ,5,789540933.0,58145728.0
GJ,6,133299317.0,844305390.0
GJ,7,51689053837.0,2448287631.0
GJ,8,53318025601.0,2553601434.0
GJ,9,5148778854.0,8867536842.0
GJ,10,571439638215.0,982243598.0
GJ,11,236937620754.0,1015197126.0
GJ,12,411164365671.0,25185069782.0
GJ,13,126822777934.0,10487955808.0
GJ,14,65700788931.0,58784735854.0
GJ,15,54107222574.0,97734042723.0
GJ,16,3383339314930.0,103953519408.0
GJ,17,167487458355.0,80026514193.0
GJ,18,41745268576.0,804454191.0
GJ,19,2380834931333.0,12371474103.0
GJ,20,498756837124.0,14753375536.0
GJ,21,1153873699114.0,20160329532.0
GJ,22,1441017886088.0,29175594394.0
GJ,23,1841314732098.0,47402645295.0
GJ,24,1109196036539.0,56959871789.0
GJ,25,5855607569450.0,28566708322.0
GJ,26,1325826919249.0,45842244008.0
GJ,27,1549318071045.0,179312391868.0
GJ,28,1503034077978.0,60847991941.0
GJ,29,1957448693070.0,204139291602.0
GJ,30,2671923217760.0,2011821831263.0
HP,1,5194.0,0.0
HP,2,17391.0,0.0
HP,3,26548.0,0.0
HP,4,27408.0,449.0
HP,5,17826.0,11382.0
HP,6,6358.0,8662.0
HP,7,19965.0,24530.0
HP,8,45478.0,18159.0
HP,9,86720.0,16137.0
HP,10,96216.0,6943.0
HP,11,171215.0,4521.0
HP,12,316877.0,14656.0
HP,13,306340.0,28920.0
HP,14,211198.0,48268.0
HP,15,207336.0,78505.0
HP,16,136934.0,98532.0
HP,17,85340.0,73015.0
HP,18,116814.0,552.0
HP,19,94894.0,381.0
HP,20,92799.0,582.0
HP,21,62900.0,1784.0
HP,22,226888.0,4330.0
HP,23,631361.0,31560.0
HP,24,368035.0,135788.0
HP,25,44938.0,250204.0
HP,26,81829.0,181931.0
HP,27,235879.0,127003.0
HP,28,208385.0,106633.0
HP,29,240951.0,87535.0
HP,30,760570.0,152737.0
HR,1,41486.0,0.0
HR,2,51793.0,0.0
HR,3,13821.0,0.0
HR,4,68718.0,590.0
HR,5,26450.0,18663.0
HR,6,13841.0,42413.0
HR,7,43546.0,12757.0
HR,8,106522.0,28108.0
HR,9,353390.0,25684.0
HR,10,368204.0,14043.0
HR,11,504758.0,17404.0
HR,12,494257.0,35052.0
HR,13,617594.0,121770.0
HR,14,325976.0,154159.0
HR,15,179394.0,94592.0
HR,16,361976.0,149404.0
HR,17,403805.0,201816.0
HR,18,434462.0,29461.0
HR,19,404594.0,42523.0
HR,20,389453.0,29997.0
HR,21,481040.0,44666.0
HR,22,493967.0,83130.0
HR,23,951790.0,151909.0
HR,24,672968.0,256587.0
HR,25,299067.0,188721.0
HR,26,409281.0,251858.0
HR,27,281337.0,192072.0
HR,28,523051.0,318346.0
HR,29,633916.0,336860.0
HR,30,539785.0,349022.0
JH,1,3773.0,0.0
JH,2,27360.0,0.0
JH,3,55309.0,0.0
JH,4,109170.0,1978.0
JH,5,63590.0,9605.0
JH,6,30135.0,12174.0
JH,7,59648.0,37133.0
JH,8,101424.0,78358.0
JH,9,249983.0,69101.0
JH,10,649138.0,33757.0
JH,11,151132.0,15011.0
JH,12,469427.0,32623.0
JH,13,423342.0,49999.0
JH,14,157007.0,74550.0
JH,15,96703.0,73956.0
JH,16,66709.0,82413.0
JH,17,162802.0,93894.0
JH,18,323837.0,12200.0
JH,19,223532.0,23200.0
JH,20,307654.0,38800.0
JH,21,480880.0,46834.0
JH,22,549434.0,108269.0
JH,23,774200.0,117535.0
JH,24,411847.0,99645.0
JH,25,419764.0,170520.0
JH,26,426748.0,202489.0
JH,27,325369.0,124553.0
JH,28,656480.0,204476.0
JH,29,480952.0,147515.0
JH,30,540228.0,174393.0
JK,1,5191.0,0.0
JK,2,15668.0,0.0
JK,3,19648.0,0.0
JK,4,76768.0,722.0
JK,5,68420.0,5536.0
JK,6,36289.0,9429.0
JK,7,66458.0,9418.0
JK,8,73822.0,31109.0
JK,9,107215.0,54887.0
JK,10,113114.0,34887.0
JK,11,154072.0,14441.0
JK,12,358537.0,31203.0
JK,13,263001.0,39658.0
JK,14,332605.0,75128.0
JK,15,304779.0,74739.0
JK,16,240266.0,100981.0
JK,17,77052.0,51755.0
JK,18,104877.0,4427.0
JK,19,281672.0,5436.0
JK,20,196504.0,22221.0
JK,21,172502.0,17637.0
JK,22,282829.0,19319.0
JK,23,291914.0,37027.0
JK,24,369468.0,107633.0
JK,25,280445.0,74628.0
JK,26,219413.0,148004.0
JK,27,174117.0,164160.0
JK,28,219244.0,175570.0
JK,29,328255.0,146468.0
JK,30,311680.0,117916.0
KA,1,80775.0,0.0
KA,2,161853.0,0.0
KA,3,75083.0,0.0
KA,4,114149.0,15.0
KA,5,111109.0,117066.0
KA,6,64556.0,104609.0
KA,7,67269.0,23113.0
KA,8,316522.0,80994.0
KA,9,1003866.0,70724.0
KA,10,856080.0,46189.0
KA,11,1116446.0,36523.0
KA,12,1530544.0,85162.0
KA,13,947057.0,178371.0
KA,14,989996.0,410957.0
KA,15,739375.0,444730.0
KA,16,398587.0,421364.0
KA,17,350127.0,477435.0
KA,18,480735.0,119400.0
KA,19,1217660.0,104379.0
KA,20,1580584.0,141383.0
KA,21,1678867.0,144767.0
KA,22,1320335.0,208824.0
KA,23,2883750.0,317149.0
KA,24,1512669.0,504248.0
KA,25,1252304.0,627216.0
KA,26,1097069.0,595421.0
KA,27,934464.0,642256.0
KA,28,956340.0,626938.0
KA,29,1626937.0,766505.0
KA,30,1193412.0,541653.0
KL,1,20263.0,0.0
KL,2,112281.0,0.0
KL,3,137506.0,0.0
KL,4,66436.0,0.0
KL,5,68561.0,38833.0
KL,6,82385.0,65387.0
KL,7,266903.0,82935.0
KL,8,286070.0,92459.0
KL,9,390816.0,70974.0
KL,10,467076.0,38955.0
KL,11,1516422.0,32540.0
KL,12,854454.0,70813.0
KL,13,887737.0,181061.0
KL,14,629977.0,365230.0
KL,15,281158.0,316503.0
KL,16,117554.0,409013.0
KL,17,238917.0,226940.0
KL,18,197568.0,28873.0
KL,19,546842.0,24248.0
KL,20,887365.0,112227.0
KL,21,885676.0,80716.0
KL,22,733256.0,188591.0
KL,23,829185.0,550951.0
KL,24,656728.0,624472.0
KL,25,381780.0,520910.0
KL,26,445090.0,538167.0
KL,27,887317.0,926404.0
KL,28,1234251.0,466643.0
KL,29,1305579.0,311750.0
KL,30,1864857.0,292218.0
LA,1,321.0,0.0
LA,2,629.0,0.0
LA,3,858.0,0.0
LA,4,1014.0,71.0
LA,5,2952.0,529.0
LA,6,3629.0,329.0
LA,7,4975.0,1049.0
LA,8,16350.0,926.0
LA,9,7582.0,2367.0
LA,10,1399.0,1382.0
LA,11,12989.0,78.0
LA,12,11811.0,1282.0
LA,13,2639.0,2749.0
LA,14,4557.0,14163.0
LA,15,3270.0,9633.0
LA,16,8048.0,2030.0
LA,17,3613.0,764.0
LA,18,8160.0,7.0
LA,19,22031.0,20.0
LA,20,23530.0,33.0
LA,21,13316.0,69.0
LA,22,8127.0,96.0
LA,23,6862.0,9816.0
LA,24,5132.0,11037.0
LA,25,7582.0,2400.0
LA,26,3585.0,1439.0
LA,27,800.0,1102.0
LA,28,1311.0,4375.0
LA,29,1345.0,2313.0
LA,30,1109.0,2866.0
LD,1,718.0,0.0
LD,2,73.0,0.0
LD,3,26.0,0.0
LD,4,742.0,0.0
LD,5,114.0,81.0
LD,6,135.0,26.0
LD,7,115.0,32.0
LD,8,1066.0,720.0
LD,9,623.0,628.0
LD,10,539.0,194.0
LD,11,1411.0,140.0
LD,12,4572.0,736.0
LD,13,4011.0,427.0
LD,14,3092.0,785.0
LD,15,1917.0,505.0
LD,16,1070.0,1179.0
LD,17,1212.0,1353.0
LD,18,1654.0,115.0
LD,19,2086.0,23.0
LD,20,6130.0,28.0
LD,21,7684.0,105.0
LD,22,5120.0,81.0
LD,23,2127.0,325.0
LD,24,831.0,1065.0
LD,25,852.0,2122.0
LD,26,1010.0,2340.0
LD,27,692.0,1432.0
LD,28,600.0,1529.0
LD,29,613.0,890.0
LD,30,827.0,1014.0
MH,1,63569.0,0.0
MH,2,164398.0,0.0
MH,3,202536.0,0.0
MH,4,216572.0,170.0
MH,5,215443.0,45244.0
MH,6,160121.0,113244.0
MH,7,296899.0,100919.0
MH,8,681065.0,152199.0
MH,9,942257.0,177480.0
MH,10,1073250.0,128956.0
MH,11,2474201.0,74323.0
MH,12,2473839.0,160842.0
MH,13,1879952.0,335766.0
MH,14,1477045.0,613961.0
MH,15,1310209.0,752567.0
MH,16,991799.0,662868.0
MH,17,1077530.0,888011.0
MH,18,627715.0,181306.0
MH,19,1375447.0,133559.0
MH,20,1568454.0,250105.0
MH,21,1415689.0,401441.0
MH,22,1440773.0,309258.0
MH,23,2912137.0,503333.0
MH,24,2025706.0,870945.0
MH,25,1527907.0,887485.0
MH,26,1738839.0,1298785.0
MH,27,1017462.0,801039.0
MH,28,1811093.0,1348164.0
MH,29,1571135.0,755234.0
MH,30,1644580.0,866488.0
ML,1,607.0,0.0
ML,2,2361.0,0.0
ML,3,2515.0,0.0
ML,4,7320.0,91.0
ML,5,16523.0,1592.0
ML,6,10786.0,1923.0
ML,7,7128.0,1902.0
ML,8,10312.0,5466.0
ML,9,10290.0,10536.0
ML,10,10160.0,10000.0
ML,11,7299.0,2185.0
ML,12,17841.0,5365.0
ML,13,22441.0,5708.0
ML,14,32140.0,7907.0
ML,15,79815.0,8679.0
ML,16,37901.0,7371.0
ML,17,51381.0,6154.0
ML,18,33455.0,92.0
ML,19,29111.0,168.0
ML,20,12953.0,141.0
ML,21,24645.0,226.0
ML,22,87909.0,383.0
ML,23,72202.0,1434.0
ML,24,62869.0,6993.0
ML,25,62582.0,14007.0
ML,26,64914.0,22242.0
ML,27,58666.0,44507.0
ML,28,52216.0,34162.0
ML,29,44129.0,27889.0
ML,30,36387.0,31054.0
MN,1,916.0,0.0
MN,2,1836.0,0.0
MN,3,4048.0,0.0
MN,4,13830.0,55.0
MN,5,16712.0,1299.0
MN,6,10789.0,899.0
MN,7,13567.0,2286.0
MN,8,7923.0,5503.0
MN,9,5794.0,9586.0
MN,10,5835.0,10125.0
MN,11,3425.0,4064.0
MN,12,5619.0,9618.0
MN,13,13302.0,6624.0
MN,14,22319.0,5755.0
MN,15,77829.0,5937.0
MN,16,61348.0,5193.0
MN,17,43660.0,2830.0
MN,18,36440.0,341.0
MN,19,36977.0,270.0
MN,20,40799.0,580.0
MN,21,44617.0,516.0
MN,22,26947.0,711.0
MN,23,37680.0,905.0
MN,24,113145.0,2642.0
MN,25,132645.0,8924.0
MN,26,146530.0,19403.0
MN,27,106194.0,53225.0
MN,28,79047.0,48176.0
MN,29,42589.0,33042.0
MN,30,23004.0,27890.0
MP,1,28993.0,0.0
MP,2,246354.0,0.0
MP,3,48050.0,0.0
MP,4,215440.0,3.0
MP,5,83365.0,3806.0
MP,6,13079.0,155853.0
MP,7,173094.0,72374.0
MP,8,244648.0,102524.0
MP,9,721547.0,121546.0
MP,10,762733.0,40898.0
MP,11,964061.0,37274.0
MP,12,1355695.0,65850.0
MP,13,1680423.0,158824.0
MP,14,395867.0,195346.0
MP,15,100502.0,151316.0
MP,16,158351.0,328523.0
MP,17,271204.0,258266.0
MP,18,554907.0,62412.0
MP,19,1070688.0,31114.0
MP,20,1698452.0,48389.0
MP,21,1159215.0,109117.0
MP,22,1008031.0,112871.0
MP,23,4480345.0,302148.0
MP,24,1337997.0,455718.0
MP,25,1345678.0,976357.0
MP,26,1040003.0,225132.0
MP,27,2118982.0,534334.0
MP,28,3543073.0,620699.0
MP,29,2381061.0,472778.0
MP,30,2453364.0,451853.0
MZ,1,1765.0,0.0
MZ,2,6107.0,0.0
MZ,3,1493.0,0.0
MZ,4,709.0,75.0
MZ,5,4505.0,2159.0
MZ,6,7238.0,3398.0
MZ,7,12105.0,3543.0
MZ,8,11726.0,939.0
MZ,9,6739.0,2017.0
MZ,10,3005.0,1460.0
MZ,11,1418.0,1156.0
MZ,12,17093.0,6977.0
MZ,13,48566.0,10105.0
MZ,14,48597.0,8657.0
MZ,15,43101.0,4472.0
MZ,16,17299.0,2215.0
MZ,17,7638.0,3935.0
MZ,18,13396.0,16.0
MZ,19,10097.0,104.0
MZ,20,10024.0,128.0
MZ,21,19548.0,1104.0
MZ,22,84164.0,335.0
MZ,23,121109.0,586.0
MZ,24,43352.0,6433.0
MZ,25,42814.0,28389.0
MZ,26,25979.0,39446.0
MZ,27,17275.0,44035.0
MZ,28,12487.0,25407.0
MZ,29,14266.0,8002.0
MZ,30,6795.0,12739.0
NL,1,1480.0,0.0
NL,2,1955.0,0.0
NL,3,563.0,0.0
NL,4,4949.0,0.0
NL,5,10760.0,3438.0
NL,6,7607.0,1562.0
NL,7,4492.0,549.0
NL,8,6971.0,3567.0
NL,9,7507.0,5901.0
NL,10,8497.0,5999.0
NL,11,5677.0,1689.0
NL,12,15361.0,3643.0
NL,13,33191.0,4381.0
NL,14,28707.0,4520.0
NL,15,22323.0,5243.0
NL,16,12673.0,6099.0
NL,17,9820.0,5388.0
NL,18,13442.0,78.0
NL,19,15068.0,75.0
NL,20,19283.0,119.0
NL,21,50681.0,299.0
NL,22,61452.0,700.0
NL,23,61613.0,1797.0
NL,24,52805.0,9622.0
NL,25,45765.0,23291.0
NL,26,42855.0,25080.0
NL,27,47226.0,22436.0
NL,28,23702.0,13892.0
NL,29,13878.0,7811.0
NL,30,9561.0,10963.0
OR,1,85672.0,0.0
OR,2,69237.0,0.0
OR,3,62072.0,0.0
OR,4,139802.0,3.0
OR,5,59049.0,70538.0
OR,6,21283.0,62750.0
OR,7,138775.0,31964.0
OR,8,221962.0,104007.0
OR,9,510834.0,53989.0
OR,10,430553.0,26073.0
OR,11,650768.0,45485.0
OR,12,1210986.0,88834.0
OR,13,656520.0,119490.0
OR,14,472718.0,190291.0
OR,15,204496.0,140252.0
OR,16,118250.0,200530.0
OR,17,199788.0,271268.0
OR,18,403837.0,35874.0
OR,19,578266.0,29373.0
OR,20,539813.0,34276.0
OR,21,569870.0,124846.0
OR,22,671263.0,176927.0
OR,23,1497362.0,215934.0
OR,24,479221.0,183594.0
OR,25,730829.0,510608.0
OR,26,463002.0,355093.0
OR,27,597236.0,536092.0
OR,28,796722.0,307479.0
OR,29,1143479.0,234799.0
OR,30,1282572.0,324652.0
PB,1,16180.0,0.0
PB,2,29129.0,0.0
PB,3,18751.0,0.0
PB,4,27589.0,62.0
PB,5,24720.0,12229.0
PB,6,32491.0,20203.0
PB,7,59316.0,13338.0
PB,8,85862.0,18972.0
PB,9,151231.0,19958.0
PB,10,207963.0,16206.0
PB,11,380030.0,17945.0
PB,12,584632.0,32394.0
PB,13,527457.0,55250.0
PB,14,470970.0,101050.0
PB,15,405841.0,135508.0
PB,16,251366.0,142759.0
PB,17,215032.0,120393.0
PB,18,154749.0,20148.0
PB,19,163372.0,35310.0
PB,20,272281.0,31263.0
PB,21,290780.0,24039.0
PB,22,165350.0,33066.0
PB,23,611485.0,117069.0
PB,24,564016.0,216170.0
PB,25,334440.0,158426.0
PB,26,440082.0,208682.0
PB,27,234134.0,199921.0
PB,28,472618.0,212914.0
PB,29,668889.0,239647.0
PB,30,544924.0,315711.0
PY,1,721.0,0.0
PY,2,1256.0,0.0
PY,3,915.0,0.0
PY,4,2259.0,68.0
PY,5,3740.0,739.0
PY,6,1066.0,398.0
PY,7,4916.0,1011.0
PY,8,8444.0,1400.0
PY,9,14880.0,1801.0
PY,10,17829.0,942.0
PY,11,18143.0,1320.0
PY,12,12935.0,1936.0
PY,13,62923.0,4104.0
PY,14,11770.0,6185.0
PY,15,8532.0,9243.0
PY,16,6300.0,10890.0
PY,17,6317.0,10418.0
PY,18,10720.0,405.0
PY,19,18689.0,287.0
PY,20,22439.0,518.0
PY,21,37002.0,1191.0
PY,22,82298.0,3087.0
PY,23,62436.0,6926.0
PY,24,37659.0,9195.0
PY,25,25635.0,35009.0
PY,26,37986.0,20767.0
PY,27,27745.0,10740.0
PY,28,26086.0,6912.0
PY,29,24601.0,4988.0
PY,30,19944.0,6756.0
RJ,1,44630.0,0.0
RJ,2,260008.0,0.0
RJ,3,126859.0,0.0
RJ,4,150788.0,0.0
RJ,5,187668.0,36825.0
RJ,6,16240.0,184117.0
RJ,7,915155.0,98478.0
RJ,8,648245.0,124376.0
RJ,9,1127685.0,189443.0
RJ,10,1112215.0,27122.0
RJ,11,975225.0,141525.0
RJ,12,2880719.0,312989.0
RJ,13,881931.0,250727.0
RJ,14,967612.0,543249.0
RJ,15,537635.0,339558.0
RJ,16,599274.0,403010.0
RJ,17,716229.0,332660.0
RJ,18,767046.0,41975.0
RJ,19,750240.0,65050.0
RJ,20,776273.0,126025.0
RJ,21,1828120.0,116780.0
RJ,22,1206696.0,55582.0
RJ,23,2710837.0,407036.0
RJ,24,1138425.0,540541.0
RJ,25,334966.0,330302.0
RJ,26,1161326.0,847280.0
RJ,27,1095512.0,763765.0
RJ,28,1051186.0,1218175.0
RJ,29,1738717.0,747531.0
RJ,30,1821035.0,739438.0
SK,1,292.0,0.0
SK,2,1408.0,0.0
SK,3,3382.0,0.0
SK,4,2953.0,0.0
SK,5,4180.0,699.0
SK,6,5425.0,766.0
SK,7,7574.0,2791.0
SK,8,13895.0,3329.0
SK,9,12503.0,2529.0
SK,10,8783.0,2809.0
SK,11,5950.0,309.0
SK,12,33745.0,2576.0
SK,13,39431.0,5491.0
SK,14,14185.0,11141.0
SK,15,7785.0,11726.0
SK,16,3408.0,10773.0
SK,17,1428.0,5225.0
SK,18,8466.0,43.0
SK,19,4572.0,16.0
SK,20,676.0,61.0
SK,21,33676.0,85.0
SK,22,85132.0,112.0
SK,23,72812.0,1686.0
SK,24,44863.0,23584.0
SK,25,25728.0,33281.0
SK,26,22258.0,17637.0
SK,27,17658.0,8405.0
SK,28,8590.0,3601.0
SK,29,6523.0,2638.0
SK,30,3675.0,7299.0
TG,1,25718.0,0.0
TG,2,68817.0,0.0
TG,3,40977.0,0.0
TG,4,73813.0,1929.0
TG,5,67727.0,77733.0
TG,6,13908.0,48002.0
TG,7,70657.0,31052.0
TG,8,101039.0,49366.0
TG,9,136218.0,11761.0
TG,10,185426.0,10709.0
TG,11,401078.0,18529.0
TG,12,577584.0,47562.0
TG,13,821537.0,70783.0
TG,14,915083.0,136500.0
TG,15,657886.0,125830.0
TG,16,230705.0,184711.0
TG,17,62788.0,249388.0
TG,18,6683.0,9671.0
TG,19,219348.0,171938.0
TG,20,602025.0,56939.0
TG,21,1213222.0,40586.0
TG,22,1196291.0,42555.0
TG,23,1165899.0,91356.0
TG,24,1089154.0,215383.0
TG,25,478232.0,285436.0
TG,26,450695.0,421780.0
TG,27,201798.0,541368.0
TG,28,179815.0,542890.0
TG,29,340753.0,410166.0
TG,30,484202.0,258336.0
TN,1,29957.0,0.0
TN,2,45807.0,0.0
TN,3,49447.0,0.0
TN,4,68822.0,667.0
TN,5,60715.0,13288.0
TN,6,28722.0,21371.0
TN,7,269803.0,29846.0
TN,8,530641.0,53967.0
TN,9,664353.0,63496.0
TN,10,642748.0,46826.0
TN,11,429242.0,51001.0
TN,12,452737.0,110669.0
TN,13,789479.0,214270.0
TN,14,313018.0,345853.0
TN,15,295046.0,407923.0
TN,16,223744.0,291633.0
TN,17,267383.0,260422.0
TN,18,251669.0,50630.0
TN,19,1367236.0,51170.0
TN,20,1142961.0,81141.0
TN,21,578645.0,50912.0
TN,22,1735059.0,115425.0
TN,23,2181657.0,209470.0
TN,24,1502143.0,243981.0
TN,25,542310.0,226213.0
TN,26,1460195.0,517402.0
TN,27,1319775.0,325693.0
TN,28,1591118.0,417321.0
TN,29,1672023.0,417941.0
TN,30,1240484.0,280844.0
TR,1,3242.0,0.0
TR,2,17993.0,0.0
TR,3,10893.0,0.0
TR,4,29275.0,334.0
TR,5,19365.0,11080.0
TR,6,7214.0,9588.0
TR,7,18629.0,7932.0
TR,8,25927.0,18620.0
TR,9,116361.0,19131.0
TR,10,303750.0,8267.0
TR,11,83174.0,4804.0
TR,12,85000.0,12390.0
TR,13,45278.0,22711.0
TR,14,54367.0,77270.0
TR,15,86924.0,162825.0
TR,16,45448.0,111604.0
TR,17,32583.0,40986.0
TR,18,59022.0,334.0
TR,19,36084.0,580.0
TR,20,46963.0,471.0
TR,21,19783.0,4493.0
TR,22,236415.0,24532.0
TR,23,510210.0,36598.0
TR,24,104894.0,40919.0
TR,25,59108.0,32856.0
TR,26,82326.0,44761.0
TR,27,69473.0,49589.0
TR,28,150211.0,43390.0
TR,29,45271.0,14927.0
TR,30,28407.0,26677.0
UP,1,28432.0,0.0
UP,2,402396.0,0.0
UP,3,205067.0,0.0
UP,4,226272.0,2.0
UP,5,272211.0,100269.0
UP,6,144485.0,287282.0
UP,7,204710.0,141651.0
UP,8,544744.0,91884.0
UP,9,1272671.0,274272.0
UP,10,1081781.0,125298.0
UP,11,1126447.0,46811.0
UP,12,1744325.0,171815.0
UP,13,1846548.0,371808.0
UP,14,677399.0,387326.0
UP,15,551585.0,372185.0
UP,16,583469.0,410587.0
UP,17,808617.0,480241.0
UP,18,1182001.0,84511.0
UP,19,1639131.0,105051.0
UP,20,2080422.0,177414.0
UP,21,2559576.0,167611.0
UP,22,2403130.0,228355.0
UP,23,4542151.0,298371.0
UP,24,1646890.0,498300.0
UP,25,3591625.0,977354.0
UP,26,2461828.0,724122.0
UP,27,3349507.0,687771.0
UP,28,3306246.0,581056.0
UP,29,4712487.0,601298.0
UP,30,3049900.0,788694.0
UT,1,2727.0,0.0
UT,2,20684.0,0.0
UT,3,46416.0,0.0
UT,4,39628.0,403.0
UT,5,28286.0,7886.0
UT,6,9846.0,12215.0
UT,7,42864.0,35259.0
UT,8,66264.0,29830.0
UT,9,119424.0,27835.0
UT,10,122378.0,10289.0
UT,11,225500.0,16007.0
UT,12,380519.0,39425.0
UT,13,219846.0,61996.0
UT,14,194108.0,91544.0
UT,15,155973.0,91535.0
UT,16,93767.0,156907.0
UT,17,196189.0,99421.0
UT,18,126923.0,618.0
UT,19,116421.0,2054.0
UT,20,130434.0,3882.0
UT,21,252104.0,7837.0
UT,22,218938.0,37386.0
UT,23,616128.0,35808.0
UT,24,238405.0,95017.0
UT,25,235014.0,127012.0
UT,26,136605.0,175502.0
UT,27,174450.0,150844.0
UT,28,260427.0,119842.0
UT,29,552522.0,138712.0
UT,30,472556.0,147531.0
WB,1,41262.0,0.0
WB,2,170838.0,0.0
WB,3,109807.0,0.0
WB,4,156918.0,1084.0
WB,5,139586.0,43442.0
WB,6,333553.0,94321.0
WB,7,346056.0,98781.0
WB,8,692572.0,120181.0
WB,9,1049236.0,123596.0
WB,10,1101115.0,131092.0
WB,11,1117185.0,95357.0
WB,12,1712540.0,210728.0
WB,13,604467.0,244081.0
WB,14,650063.0,548644.0
WB,15,462831.0,656799.0
WB,16,133816.0,760535.0
WB,17,131318.0,589347.0
WB,18,318923.0,96990.0
WB,19,1133002.0,49083.0
WB,20,1683066.0,77019.0
WB,21,1471746.0,97541.0
WB,22,1115331.0,221649.0
WB,23,1643157.0,463266.0
WB,24,815188.0,732087.0
WB,25,569656.0,907248.0
WB,26,835366.0,1096734.0
WB,27,946725.0,734887.0
WB,28,1350077.0,486888.0
WB,29,2121735.0,388892.0
WB,30,1856470.0,318877.0
